"111,307,223,202,131"
"112,305,222,201,131"
"112,303,222,201,131"
"112,302,221,199,131"
"111,301,221,199,131"
"112,299,220,198,131"
"112,298,219,198,131"
"112,298,219,197,131"
"112,298,219,196,131"
"112,298,218,196,130"
"112,296,218,195,130"
"112,293,217,194,130"
"112,294,217,194,130"
"112,294,217,194,130"
"112,294,216,194,130"
"112,293,216,193,131"
"112,295,215,193,130"
"112,297,215,193,131"
"112,296,215,193,131"
"112,298,215,192,130"
"111,296,214,192,130"
"111,295,214,192,131"
"112,295,214,192,131"
"112,296,214,191,131"
"112,296,213,191,131"
"111,296,213,190,131"
"111,296,213,191,131"
"111,298,212,190,131"
"112,297,212,191,131"
"112,300,212,191,131"
"0,298,212,189,131"
"112,298,212,190,131"
"112,298,212,190,131"
"112,300,211,190,131"
"111,301,212,190,131"
"111,301,211,189,131"
"111,302,211,190,131"
"111,304,211,190,131"
"111,304,212,190,131"
"112,305,211,190,131"
"112,307,211,190,131"
"111,308,211,191,131"
"112,309,211,191,131"
"112,310,211,191,131"
"112,310,211,192,132"
"112,312,211,192,131"
"112,312,210,192,132"
"112,313,211,192,132"
"112,313,211,192,132"
"112,313,210,193,132"
"111,314,211,192,132"
"112,314,211,192,132"
"112,315,210,193,132"
"112,315,210,193,132"
"112,315,211,193,132"
"112,316,210,193,133"
"111,316,210,193,132"
"111,316,210,193,132"
"112,315,211,193,132"
"113,316,211,193,132"
"112,320,211,193,132"
"112,323,211,193,133"
"112,324,211,194,133"
"112,325,211,194,133"
"112,327,211,194,133"
"112,329,211,195,133"
"111,329,211,195,132"
"111,332,212,196,133"
"111,331,212,195,133"
"111,335,212,196,133"
"111,342,213,197,133"
"112,343,212,198,134"
"111,341,213,198,133"
"112,342,213,199,133"
"112,346,213,200,134"
"111,348,214,200,134"
"111,351,214,201,134"
"111,350,214,201,134"
"111,349,216,201,134"
"111,351,216,201,134"
"114,349,216,202,134"
"112,351,216,202,134"
"111,355,217,202,134"
"112,357,217,202,134"
"112,358,218,202,134"
"111,359,218,203,134"
"112,361,218,204,135"
"112,363,219,204,134"
"112,363,220,205,134"
"112,361,220,205,134"
"111,359,220,205,134"
"112,357,220,205,135"
"112,355,220,205,135"
"112,355,220,205,134"
"111,355,220,205,135"
"112,358,221,204,134"
"112,359,221,205,135"
"112,359,221,205,134"
"112,361,221,206,135"
"111,360,222,206,134"
"112,359,222,206,134"
"111,358,221,205,135"
"111,360,222,206,135"
"111,363,222,207,135"
"111,366,223,208,135"
"112,368,224,208,135"
"109,371,224,209,135"
"112,374,224,210,135"
"112,377,225,211,135"
"111,380,225,212,136"
"112,383,225,212,136"
"112,384,226,212,135"
"112,386,227,214,136"
"112,388,227,216,136"
"112,389,227,216,136"
"112,390,228,216,136"
"112,391,229,217,136"
"112,392,229,218,136"
"112,392,229,219,136"
"112,393,230,218,136"
"112,392,230,219,136"
"112,391,230,219,136"
"112,389,230,219,136"
"111,385,230,219,135"
"112,383,231,218,136"
"112,383,232,218,135"
"112,381,232,218,136"
"112,380,231,218,135"
"112,379,232,218,136"
"112,378,232,218,135"
"112,377,231,217,136"
"112,379,232,217,136"
"112,380,232,217,136"
"109,383,232,218,136"
"112,388,233,219,136"
"112,392,233,220,136"
"112,392,233,220,136"
"112,391,234,220,136"
"112,390,234,220,135"
"112,388,234,219,136"
"112,389,235,220,136"
"112,391,235,221,137"
"112,391,235,221,136"
"112,389,235,220,136"
"112,389,235,221,136"
"112,393,236,222,136"
"112,396,235,224,137"
"112,398,236,224,137"
"112,399,235,225,137"
"112,400,236,225,137"
"59,400,237,225,136"
"112,400,237,226,136"
"112,398,237,225,137"
"112,398,237,225,137"
"112,399,237,226,137"
"112,401,238,225,136"
"112,402,238,226,137"
"112,403,238,227,136"
"112,403,239,228,136"
"114,404,239,228,137"
"0,405,239,228,137"
"113,405,239,229,137"
"113,405,239,229,137"
"113,406,239,230,137"
"113,406,240,229,137"
"112,407,240,229,136"
"112,407,240,230,137"
"112,408,240,229,137"
"112,407,240,230,137"
"112,407,240,230,137"
"112,406,240,231,136"
"112,406,241,230,136"
"112,405,241,230,137"
"112,404,242,230,137"
"112,404,242,230,136"
"112,403,242,229,137"
"112,401,242,229,137"
"112,399,241,228,137"
"112,400,242,229,136"
"112,403,242,229,137"
"112,402,242,229,137"
"112,400,242,229,137"
"112,402,243,229,137"
"112,403,243,230,137"
"112,406,243,229,137"
"112,408,243,231,137"
"112,409,243,232,137"
"112,411,243,232,137"
"112,412,244,233,137"
"112,412,243,233,137"
"112,407,244,232,137"
"112,404,243,231,136"
"112,401,244,231,137"
"112,401,244,230,137"
"112,404,244,231,137"
"112,407,244,232,137"
"112,410,244,233,137"
"112,412,244,233,137"
"112,414,244,233,137"
"112,413,244,234,137"
"112,413,245,234,136"
"112,413,244,234,137"
"111,414,245,234,137"
"112,415,245,235,137"
"112,416,245,236,137"
"112,416,244,236,137"
"112,415,245,236,137"
"111,415,245,236,136"
"112,414,245,236,137"
"112,413,245,236,137"
"112,412,246,235,137"
"112,411,245,235,137"
"112,410,246,235,137"
"112,411,245,235,137"
"112,412,246,235,137"
"112,412,246,235,136"
"114,412,246,235,137"
"112,411,246,235,136"
"112,410,246,236,137"
"112,409,246,235,136"
"112,407,246,234,136"
"112,405,246,234,136"
"112,404,246,233,136"
"112,404,246,233,136"
"112,405,247,233,136"
"112,405,246,233,136"
"112,406,247,233,137"
"111,407,247,234,136"
"112,408,247,234,136"
"112,408,246,234,137"
"112,408,246,234,136"
"112,408,247,233,136"
"112,407,246,233,136"
"112,405,247,233,136"
"112,405,247,233,136"
"112,405,247,232,136"
"112,405,247,232,137"
"111,405,247,232,136"
"113,404,247,232,136"
"112,404,247,232,136"
"112,403,247,232,136"
"112,401,246,232,136"
"112,400,247,231,136"
"112,400,246,231,136"
"112,399,246,231,136"
"112,397,246,230,136"
"112,397,246,229,136"
"112,397,245,230,136"
"112,396,245,230,136"
"109,396,245,230,136"
"112,397,245,230,136"
"112,396,245,229,136"
"112,397,245,229,136"
"112,397,245,229,136"
"112,396,245,230,136"
"112,396,244,230,136"
"112,396,244,228,136"
"112,396,245,229,135"
"112,396,244,229,136"
"112,396,244,229,136"
"112,396,244,229,135"
"112,395,244,228,136"
"111,395,244,227,136"
"112,395,244,228,136"
"112,395,243,227,135"
"112,395,244,228,136"
"112,395,244,228,136"
"112,397,243,228,136"
"112,396,244,228,136"
"112,396,243,228,136"
"112,395,243,228,136"
"112,395,244,227,136"
"112,397,244,228,136"
"112,398,243,227,136"
"112,399,244,227,136"
"112,399,244,228,135"
"113,399,245,227,136"
"114,399,244,228,136"
"112,397,244,228,136"
"112,398,244,228,137"
"112,400,245,229,136"
"112,402,245,228,137"
"112,402,245,229,137"
"112,401,245,230,137"
"112,402,245,229,136"
"112,403,246,230,136"
"112,402,245,230,136"
"112,402,245,229,136"
"112,402,246,229,136"
"112,403,246,229,137"
"112,405,245,230,136"
"112,408,246,230,136"
"112,409,246,231,137"
"112,411,246,232,137"
"112,413,247,233,137"
"112,414,246,233,137"
"113,414,246,234,137"
"112,415,247,234,137"
"112,415,247,235,137"
"112,414,247,234,137"
"112,414,248,235,137"
"112,414,247,235,137"
"112,413,248,234,137"
"111,412,247,235,137"
"112,411,247,235,137"
"112,412,247,236,137"
"112,414,248,236,137"
"112,413,248,236,138"
"112,413,248,236,137"
"112,414,248,236,138"
"112,414,248,236,138"
"112,413,248,236,137"
"112,414,248,236,137"
"112,415,248,237,138"
"112,414,248,236,137"
"112,413,249,236,137"
"111,413,248,236,137"
"112,415,248,236,137"
"0,415,249,236,138"
"113,413,249,236,137"
"112,412,248,236,137"
"112,412,248,236,138"
"112,414,249,237,137"
"112,415,248,237,138"
"113,416,249,238,138"
"113,417,248,239,138"
"113,418,249,239,138"
"112,419,248,240,138"
"112,421,248,241,138"
"114,421,249,241,138"
"113,419,249,240,137"
"112,418,249,241,137"
"112,419,248,240,138"
"112,418,249,241,138"
"112,419,249,241,138"
"112,418,249,240,138"
"112,417,249,240,137"
"112,417,249,238,138"
"112,416,249,239,137"
"112,416,250,238,137"
"112,415,250,239,137"
"112,413,249,239,137"
"115,414,249,239,137"
"112,414,250,239,138"
"113,414,250,239,137"
"112,415,249,239,137"
"112,416,250,239,136"
"112,414,250,239,137"
"112,413,250,238,138"
"112,413,250,238,137"
"112,414,249,238,137"
"112,414,250,238,137"
"112,414,250,238,137"
"112,413,250,238,137"
"112,414,250,238,137"
"112,414,250,238,138"
"112,415,250,238,137"
"111,413,251,238,137"
"112,413,250,237,137"
"114,412,250,237,137"
"112,411,250,236,137"
"112,410,250,237,137"
"112,410,250,236,137"
"112,409,250,236,137"
"112,409,250,237,137"
"112,409,249,236,137"
"112,409,250,236,137"
"112,410,250,236,137"
"112,411,250,236,137"
"112,413,250,236,137"
"112,414,250,237,137"
"112,415,250,237,137"
"112,417,250,238,137"
"113,419,250,239,137"
"112,420,250,239,138"
"113,420,250,240,137"
"110,421,250,240,137"
"112,422,251,241,137"
"113,422,250,241,138"
"112,423,251,241,138"
"112,423,250,242,138"
"112,422,251,241,137"
"112,421,251,241,137"
"112,420,251,241,137"
"112,421,251,241,137"
"113,421,250,241,138"
"113,421,251,241,138"
"113,421,252,242,138"
"109,421,251,242,137"
"112,422,251,242,138"
"112,423,251,243,138"
"112,423,252,244,138"
"112,423,252,243,138"
"112,423,251,242,138"
"112,423,251,243,138"
"112,422,252,242,138"
"112,421,252,242,137"
"112,420,251,241,137"
"113,418,252,242,137"
"113,418,251,241,137"
"112,417,252,241,137"
"112,418,252,240,138"
"112,419,251,241,138"
"112,421,252,241,137"
"112,421,252,242,137"
"112,420,252,242,137"
"112,418,252,241,137"
"112,417,252,241,137"
"112,417,251,240,137"
"112,417,252,240,138"
"112,418,252,240,138"
"112,419,251,241,137"
"112,420,252,242,138"
"112,421,252,242,138"
"112,422,252,242,138"
"112,424,252,243,138"
"112,423,252,242,137"
"112,424,253,243,138"
"112,424,252,243,138"
"112,423,253,243,138"
"112,421,252,243,137"
"112,419,252,242,138"
"112,418,252,242,138"
"112,419,252,242,137"
"112,419,253,241,138"
"112,419,252,241,137"
"112,420,252,241,137"
"112,420,253,242,138"
"112,421,253,242,137"
"112,420,252,242,137"
"112,421,252,242,138"
"112,420,253,242,137"
"112,419,253,241,138"
"112,419,252,241,137"
"112,419,253,241,138"
"112,420,253,241,138"
"112,419,253,241,138"
"112,418,252,241,138"
"112,417,253,240,138"
"112,418,253,240,137"
"112,418,253,240,138"
"112,417,253,240,137"
"112,418,252,240,138"
"112,417,252,240,138"
"112,418,253,240,138"
"112,418,253,240,137"
"112,419,252,240,138"
"112,418,253,240,137"
"112,416,253,240,137"
"112,414,252,240,137"
"112,412,252,239,137"
"112,411,251,239,137"
"112,411,252,239,136"
"112,411,251,238,137"
"112,412,251,239,138"
"112,412,251,238,137"
"112,411,251,238,137"
"112,412,251,238,137"
"112,412,251,238,137"
"112,413,251,239,137"
"112,414,251,239,138"
"112,414,251,239,138"
"112,415,251,238,137"
"112,415,251,239,138"
"112,416,251,239,138"
"112,416,252,240,138"
"112,417,251,239,137"
"112,416,252,239,138"
"112,415,252,240,137"
"112,415,252,239,138"
"113,413,252,238,137"
"112,412,252,238,137"
"113,411,251,238,137"
"112,411,251,238,137"
"112,411,251,238,137"
"112,410,251,237,137"
"112,410,251,237,137"
"112,410,250,237,137"
"112,409,250,237,137"
"112,410,250,236,137"
"112,409,250,236,138"
"112,409,250,237,137"
"112,409,250,236,137"
"112,408,250,236,137"
"112,408,250,235,137"
"112,409,250,236,137"
"112,409,250,236,137"
"112,410,249,235,137"
"112,412,250,235,137"
"112,411,250,237,138"
"112,411,250,235,137"
"112,411,250,236,138"
"112,411,250,236,138"
"112,412,250,237,137"
"112,410,250,236,137"
"112,410,250,236,137"
"112,410,250,237,138"
"112,410,250,236,138"
"112,410,250,236,138"
"112,410,250,236,138"
"112,411,250,236,138"
"112,413,251,237,138"
"112,414,251,236,138"
"110,415,250,237,138"
"113,415,250,237,137"
"115,415,251,236,137"
"112,415,251,237,138"
"113,415,251,238,138"
"113,415,252,237,138"
"113,413,251,237,138"
"112,412,251,237,138"
"112,411,251,237,138"
"112,411,250,236,137"
"112,410,250,236,137"
"112,410,250,236,138"
"112,409,250,236,138"
"112,409,250,236,137"
"112,409,250,236,137"
"112,408,249,236,137"
"112,408,250,235,137"
"112,409,250,235,137"
"112,410,249,235,137"
"112,411,249,235,138"
"112,411,250,235,138"
"112,411,250,235,137"
"112,413,250,236,138"
"112,413,250,236,138"
"112,413,250,235,137"
"112,413,250,236,138"
"111,413,250,236,137"
"112,413,250,235,138"
"112,411,250,236,138"
"112,412,250,235,137"
"112,412,250,236,137"
"112,412,251,235,138"
"112,413,251,236,137"
"112,413,250,236,138"
"112,412,251,236,137"
"112,414,251,236,138"
"112,416,251,236,137"
"112,416,251,237,138"
"112,416,250,238,138"
"112,416,251,237,138"
"112,416,251,237,138"
"113,417,251,238,138"
"112,417,251,238,139"
"112,416,251,238,138"
"112,415,251,237,138"
"112,413,251,237,138"
"112,413,251,237,137"
"112,412,251,237,138"
"112,412,251,237,137"
"112,412,251,236,138"
"112,411,251,236,138"
"112,411,251,236,137"
"113,410,250,236,138"
"112,409,250,236,138"
"112,410,250,235,138"
"112,409,250,236,138"
"112,409,250,235,138"
"112,410,250,235,137"
"112,411,250,236,138"
"112,410,250,235,138"
"112,410,250,236,138"
"112,411,250,236,138"
"112,412,250,235,138"
"112,411,250,236,138"
"112,412,250,235,137"
"109,412,250,236,138"
"112,411,250,236,138"
"115,410,250,236,138"
"112,410,250,235,138"
"0,410,250,236,137"
"112,410,250,235,137"
"112,410,249,235,138"
"112,409,250,235,137"
"112,410,250,235,137"
"112,410,249,236,138"
"112,408,249,235,137"
"112,408,249,235,137"
"112,408,250,235,137"
"111,408,249,235,137"
"112,407,249,234,138"
"108,407,249,234,137"
"112,407,249,234,138"
"112,406,249,234,137"
"112,407,249,234,138"
"112,407,249,234,137"
"112,406,249,234,137"
"112,406,248,234,137"
"112,407,248,234,138"
"112,407,249,234,137"
"112,408,249,234,138"
"112,409,248,234,138"
"112,408,249,235,137"
"112,408,249,235,138"
"112,408,248,234,137"
"112,407,248,234,137"
"0,407,249,234,138"
"0,408,249,234,137"
"0,409,249,234,138"
"0,409,249,235,138"
"0,410,249,234,138"
"0,409,249,235,138"
"109,408,249,234,137"
"0,407,249,234,137"
"0,407,249,234,138"
"0,407,249,234,137"
"0,407,248,234,137"
"0,409,249,234,138"
"0,411,249,234,138"
"0,411,249,234,138"
"0,411,249,235,138"
"0,410,249,234,138"
"0,409,250,234,138"
"0,409,250,234,138"
"0,409,249,234,138"
"111,408,249,234,138"
"111,408,249,235,137"
"112,408,249,234,138"
"112,409,248,234,138"
"111,408,249,235,138"
"112,408,249,235,137"
"111,409,249,234,138"
"112,409,249,234,138"
"112,410,249,235,138"
"111,411,249,234,138"
"112,411,249,234,138"
"111,412,249,235,138"
"112,413,249,235,138"
"111,413,249,236,139"
"111,413,249,236,138"
"112,413,249,235,138"
"111,412,250,235,138"
"111,412,250,234,138"
"112,412,249,234,138"
"112,411,250,234,138"
"112,410,250,234,138"
"112,410,250,235,138"
"112,410,250,235,138"
"112,410,249,235,138"
"112,410,250,234,138"
"112,409,250,234,138"
"112,409,250,234,138"
"112,409,250,235,138"
"112,409,250,234,137"
"112,410,250,235,137"
"113,410,250,234,138"
"0,412,250,234,138"
"0,411,250,234,138"
"112,410,250,235,138"
"0,410,250,234,138"
"0,409,250,235,138"
"0,410,250,235,138"
"0,410,250,234,138"
"0,411,250,235,138"
"112,410,250,234,138"
"112,410,250,234,138"
"112,410,250,234,138"
"0,411,249,234,138"
"0,410,250,235,138"
"0,410,250,235,138"
"0,409,249,234,138"
"0,409,250,234,138"
"0,409,250,235,138"
"0,409,249,234,138"
"112,410,250,235,138"
"111,412,249,235,138"
"0,413,250,235,139"
"0,415,250,236,138"
"0,416,250,236,139"
"0,418,249,237,139"
"0,417,249,236,139"
"0,416,250,237,139"
"112,414,250,236,138"
"112,413,249,236,138"
"112,413,250,236,139"
"112,414,250,237,139"
"112,414,250,237,138"
"112,416,250,237,139"
"112,417,250,238,139"
"112,417,251,238,139"
"112,417,250,237,139"
"112,417,250,238,139"
"112,417,251,238,139"
"112,417,251,238,139"
"112,418,251,238,139"
"112,418,251,238,139"
"111,418,250,238,139"
"112,417,251,238,139"
"112,416,251,237,138"
"112,416,251,238,138"
"112,415,251,237,138"
"112,415,251,237,139"
"112,415,251,237,139"
"112,413,251,237,138"
"112,412,251,237,138"
"112,412,251,238,138"
"112,412,251,237,138"
"112,412,251,236,138"
"112,412,251,236,139"
"112,412,251,236,138"
"112,412,251,236,139"
"109,412,250,236,138"
"112,412,251,236,138"
"112,413,251,235,138"
"112,414,251,236,139"
"112,413,251,236,138"
"112,415,250,237,138"
"112,414,250,237,139"
"112,414,251,237,139"
"112,414,250,238,139"
"112,415,250,238,140"
"112,415,250,237,139"
"112,413,250,237,139"
"112,412,250,236,139"
"112,411,249,236,139"
"112,411,249,237,139"
"112,411,250,237,138"
"112,411,250,236,138"
"112,411,249,236,138"
"112,413,249,237,139"
"112,414,250,237,139"
"112,416,250,238,139"
"112,416,250,238,138"
"112,416,250,238,139"
"112,415,250,238,139"
"111,414,250,237,139"
"112,415,250,237,139"
"112,416,250,238,139"
"112,415,250,238,139"
"110,415,250,238,139"
"112,414,250,238,139"
"112,414,250,237,139"
"112,414,250,238,139"
"112,413,250,237,138"
"112,413,250,237,139"
"112,413,250,237,138"
"112,413,250,237,139"
"112,413,250,238,139"
"112,414,250,238,139"
"112,414,251,237,139"
"112,414,251,237,139"
"112,414,250,238,139"
"112,415,250,238,139"
"112,415,251,238,139"
"112,415,250,238,139"
"112,414,251,237,139"
"111,413,251,238,139"
"112,413,251,237,139"
"112,412,250,237,139"
"112,412,250,236,139"
"112,411,250,236,139"
"112,411,250,236,139"
"112,411,250,236,139"
"112,411,251,236,139"
"112,411,250,236,139"
"112,412,250,237,138"
"112,413,250,236,139"
"112,414,250,236,139"
"112,415,250,238,139"
"112,417,250,238,139"
"112,418,251,237,139"
"112,418,251,239,140"
"112,419,251,239,139"
"112,420,251,239,140"
"112,420,251,239,139"
"112,420,252,239,139"
"112,420,251,239,140"
"112,421,251,239,139"
"112,420,251,240,139"
"112,420,252,240,140"
"112,420,252,240,140"
"112,421,252,240,140"
"112,422,252,241,139"
"112,421,251,242,140"
"112,422,252,241,139"
"112,422,252,241,139"
"112,421,251,241,140"
"112,421,252,241,139"
"112,421,252,241,139"
"112,420,252,241,140"
"112,421,252,241,140"
"112,421,252,242,140"
"112,421,252,240,140"
"112,421,253,241,140"
"112,422,253,241,140"
"112,421,253,241,140"
"112,422,253,242,140"
"112,422,253,241,139"
"112,421,253,240,140"
"112,421,253,241,140"
"112,421,253,241,140"
"112,421,253,241,140"
"108,421,253,241,140"
"112,421,253,241,140"
"111,422,254,241,140"
"112,422,253,242,140"
"112,421,253,242,140"
"112,422,254,242,140"
"112,422,254,242,141"
"112,422,254,243,141"
"112,423,253,242,141"
"112,423,254,243,141"
"112,422,254,242,141"
"112,423,254,243,141"
"112,423,254,242,141"
"112,423,254,243,141"
"112,423,254,243,141"
"112,424,254,242,141"
"112,423,253,242,141"
"114,422,254,242,141"
"112,422,254,242,141"
"112,421,254,242,142"
"112,420,254,243,141"
"112,418,254,242,141"
"112,418,254,242,141"
"112,418,253,242,141"
"0,418,253,242,142"
"112,419,254,242,142"
"112,420,253,242,142"
"112,420,254,242,142"
"112,421,254,242,142"
"112,421,254,242,142"
"112,420,254,242,143"
"113,421,254,242,143"
"115,422,254,242,142"
"113,422,254,243,143"
"112,424,254,244,143"
"113,424,255,244,143"
"112,425,254,244,144"
"112,424,254,244,143"
"112,424,255,243,143"
"112,424,254,244,144"
"112,425,255,244,143"
"112,425,255,244,144"
"112,425,255,244,143"
"0,423,254,245,143"
"112,423,255,244,143"
"113,424,255,244,143"
"112,424,255,245,143"
"109,425,255,245,144"
"113,425,255,244,143"
"113,424,255,245,144"
"113,425,255,245,144"
"113,425,255,245,144"
"113,426,255,246,144"
"113,426,255,246,144"
"113,427,255,246,144"
"113,427,255,246,144"
"113,427,255,246,144"
"112,427,255,246,143"
"112,427,255,246,143"
"112,427,255,246,144"
"112,427,255,246,144"
"112,426,255,246,144"
"0,427,255,246,144"
"0,426,256,246,143"
"0,427,255,246,143"
"0,427,256,247,142"
"0,426,255,246,143"
"0,427,255,247,143"
"0,427,255,247,142"
"0,428,255,247,143"
"0,427,256,248,143"
"0,428,256,248,142"
"0,428,256,248,143"
"0,428,255,248,143"
"0,429,256,249,143"
"0,429,256,249,143"
"0,429,255,249,144"
"0,428,255,248,143"
"0,428,256,249,143"
"0,428,255,249,143"
"0,428,255,248,143"
"0,429,256,248,143"
"0,428,256,249,143"
"0,428,256,249,143"
"0,429,256,248,143"
"0,428,255,248,143"
"0,428,256,248,143"
"0,428,256,248,144"
"0,428,256,248,143"
"0,428,256,249,143"
"0,428,255,249,144"
"0,427,256,249,143"
"0,427,256,249,143"
"0,427,256,248,144"
"0,427,256,248,144"
"0,427,256,247,143"
"0,427,256,248,144"
"114,None,None,None,None"
"112,495,310,314,149"
"112,467,312,306,147"
"112,452,312,302,147"
"112,442,311,299,146"
"112,437,310,297,146"
"112,433,310,294,145"
"112,431,308,294,146"
"112,430,308,292,145"
"112,429,306,292,146"
"112,429,305,291,145"
"112,427,304,289,145"
"112,427,303,288,145"
"112,426,302,288,145"
"112,426,301,287,145"
"112,425,300,286,145"
"112,425,299,285,145"
"112,425,299,284,145"
"112,425,298,283,144"
"112,425,297,283,145"
"112,425,296,282,144"
"112,426,296,282,144"
"112,426,295,282,144"
"112,426,294,281,144"
"112,425,294,280,144"
"112,426,294,279,144"
"112,426,293,280,144"
"112,425,292,279,143"
"112,426,291,279,143"
"112,426,291,278,144"
"112,425,291,277,144"
"112,426,290,278,144"
"112,426,290,277,144"
"112,426,289,276,144"
"112,426,289,276,144"
"112,426,289,276,144"
"112,427,288,275,144"
"112,426,288,274,144"
"112,426,287,275,143"
"112,426,287,275,143"
"112,426,286,274,144"
"112,426,287,273,143"
"112,426,286,273,144"
"112,425,285,273,143"
"112,426,285,273,143"
"112,425,285,273,144"
"112,426,285,273,144"
"112,426,284,273,144"
"112,427,284,273,144"
"112,427,284,272,144"
"112,427,283,272,144"
"112,427,283,271,144"
"112,426,283,271,143"
"112,426,283,271,144"
"112,425,283,270,143"
"112,425,283,270,144"
"112,425,282,270,143"
"112,426,282,270,144"
"112,426,282,269,143"
"112,425,281,269,143"
"112,424,281,269,143"
"112,425,281,269,144"
"112,425,281,269,144"
"112,426,281,268,143"
"112,425,280,269,144"
"112,425,280,269,144"
"112,425,280,268,144"
"112,425,280,268,144"
"112,425,279,268,144"
"112,425,280,267,144"
"112,426,279,266,143"
"112,425,279,267,143"
"112,425,279,267,143"
"112,425,278,266,143"
"114,425,278,266,143"
"112,425,279,266,144"
"112,425,279,266,143"
"111,425,278,266,143"
"112,425,278,266,143"
"112,425,278,266,143"
"112,426,278,266,143"
"113,425,278,265,143"
"112,425,277,266,143"
"112,425,277,265,143"
"112,425,277,265,143"
"112,424,277,264,143"
"112,424,277,264,143"
"112,424,277,264,143"
"112,424,277,264,143"
"112,423,276,264,142"
"112,424,276,264,143"
"112,424,276,264,143"
"112,425,276,263,142"
"112,425,275,264,143"
"112,426,276,264,143"
"112,427,276,264,143"
"112,427,275,265,143"
"112,427,276,265,143"
"112,427,276,265,143"
"113,427,276,264,143"
"112,426,275,264,142"
"112,426,275,264,143"
"112,425,275,263,142"
"112,426,275,264,143"
"112,426,276,264,143"
"112,426,275,263,143"
"112,426,274,263,143"
"112,426,274,263,142"
"112,426,275,263,142"
"112,427,275,263,142"
"112,427,274,263,143"
"112,427,274,264,143"
"112,427,274,263,143"
"112,427,274,264,143"
"112,427,274,264,143"
"112,427,274,262,142"
"112,426,274,262,142"
"114,426,273,262,142"
"112,426,274,262,143"
"113,426,274,262,143"
"112,426,273,262,143"
"112,426,274,262,142"
"112,425,274,262,143"
"112,425,273,261,143"
"112,424,273,261,143"
"112,424,273,260,142"
"112,425,273,261,142"
"112,425,273,261,143"
"115,425,273,261,142"
"112,425,273,261,142"
"112,425,273,261,142"
"112,425,273,261,142"
"112,425,272,261,142"
"112,425,272,261,142"
"112,426,272,261,142"
"112,426,272,260,142"
"112,426,272,261,142"
"112,426,272,261,142"
"112,426,272,261,142"
"110,425,272,261,142"
"112,424,271,261,142"
"112,423,272,261,142"
"112,424,272,260,142"
"112,424,272,260,142"
"112,424,272,259,142"
"112,424,272,260,143"
"112,424,271,261,142"
"112,425,272,260,143"
"108,424,271,260,142"
"112,425,271,260,142"
"112,425,271,260,142"
"112,425,271,260,142"
"112,425,271,260,142"
"112,425,271,259,142"
"112,426,271,261,142"
"112,427,271,259,142"
"112,427,270,260,142"
"112,427,271,260,143"
"112,428,271,261,143"
"112,428,271,259,143"
"112,427,271,261,143"
"112,428,271,261,143"
"112,427,271,261,143"
"112,427,271,260,143"
"112,427,270,261,143"
"112,426,270,260,143"
"112,427,270,260,143"
"112,427,270,260,143"
"112,427,271,261,143"
"112,426,270,261,143"
"111,426,270,261,143"
"112,426,270,260,142"
"112,425,270,260,143"
"112,425,270,260,143"
"112,424,270,259,142"
"112,424,270,259,142"
"112,424,270,259,142"
"112,424,270,259,143"
"112,423,270,259,142"
"112,424,270,258,142"
"112,424,270,259,142"
"112,424,270,259,142"
"112,425,269,258,142"
"113,424,270,258,142"
"112,425,269,258,142"
"112,426,269,258,143"
"112,426,269,259,142"
"113,426,269,259,142"
"112,426,269,259,142"
"112,427,269,259,142"
"112,427,269,259,143"
"112,426,269,259,142"
"112,426,269,260,142"
"112,425,269,259,143"
"112,425,269,258,142"
"112,426,269,259,142"
"113,425,269,259,142"
"112,425,269,258,143"
"112,425,268,259,142"
"112,426,268,259,142"
"112,426,269,259,142"
"112,425,269,259,142"
"112,426,269,259,142"
"112,427,268,259,142"
"112,427,269,260,142"
"112,428,269,259,142"
"112,427,269,260,142"
"112,428,269,259,142"
"112,428,269,259,142"
"112,428,269,260,143"
"112,428,269,261,143"
"112,428,269,260,143"
"112,427,269,260,143"
"112,428,268,261,142"
"112,428,268,261,143"
"112,429,268,261,142"
"112,428,268,260,143"
"112,428,269,260,143"
"112,428,269,261,143"
"112,428,268,260,143"
"115,428,268,259,143"
"112,428,268,259,143"
"112,428,268,259,143"
"112,427,268,259,142"
"112,427,268,260,142"
"112,427,268,258,142"
"112,427,267,259,143"
"112,428,268,259,142"
"112,428,268,260,143"
"112,428,267,259,143"
"112,427,268,259,143"
"112,428,267,259,143"
"112,428,267,259,142"
"113,427,268,260,143"
"112,428,267,260,143"
"112,428,267,260,143"
"112,428,267,259,143"
"112,427,267,259,142"
"112,428,267,260,143"
"112,427,267,259,143"
"112,427,267,259,143"
"112,426,267,258,143"
"111,425,267,258,142"
"112,426,267,258,142"
"112,425,267,258,143"
"112,426,267,259,142"
"112,426,267,259,143"
"112,427,267,259,143"
"112,428,267,259,143"
"112,427,267,259,142"
"112,426,267,258,143"
"112,425,267,258,142"
"112,425,267,258,142"
"112,424,267,257,143"
"112,424,267,258,142"
"113,423,267,257,143"
"112,424,267,257,143"
"112,425,267,256,143"
"112,426,267,257,142"
"112,427,267,258,143"
"112,427,267,258,143"
"112,428,267,258,143"
"112,428,267,257,143"
"112,427,267,258,143"
"112,427,267,258,143"
"112,427,267,257,143"
"112,427,267,257,143"
"112,426,267,257,143"
"112,425,267,257,142"
"112,425,266,257,143"
"111,426,267,257,143"
"112,426,267,256,142"
"112,425,267,257,143"
"112,424,266,256,142"
"112,424,267,256,143"
"112,425,266,257,143"
"112,425,266,257,143"
"112,426,266,256,143"
"112,425,266,256,142"
"112,426,266,257,142"
"112,426,266,256,143"
"112,425,266,256,142"
"112,425,266,256,143"
"112,426,267,256,143"
"112,426,266,256,143"
"109,427,266,256,143"
"112,427,266,257,143"
"112,427,266,257,143"
"112,428,266,257,142"
"112,428,266,257,143"
"112,428,266,257,143"
"112,428,266,258,142"
"112,427,266,258,143"
"112,427,266,257,143"
"112,427,266,258,142"
"112,425,266,257,143"
"112,425,266,256,143"
"112,425,266,256,142"
"112,425,266,257,143"
"112,426,266,257,143"
"114,426,266,257,143"
"112,425,266,256,142"
"112,423,265,256,142"
"112,422,266,256,142"
"112,422,265,255,143"
"112,422,265,256,143"
"112,423,265,255,143"
"112,423,265,254,143"
"112,423,266,255,143"
"112,424,266,255,142"
"112,425,265,256,142"
"112,425,265,256,143"
"112,426,266,256,143"
"112,426,265,256,143"
"112,427,265,256,143"
"112,426,266,256,143"
"112,426,266,256,143"
"112,425,265,256,143"
"112,426,265,256,144"
"112,428,266,258,167"
"112,428,266,259,160"
"112,427,266,259,153"
"112,426,266,259,149"
"112,426,265,260,147"
"112,426,265,259,146"
"112,426,265,259,145"
"112,426,265,259,145"
"112,426,265,258,145"
"112,427,265,259,144"
"112,428,265,258,144"
"112,427,265,258,144"
"112,428,265,258,143"
"112,427,265,258,143"
"112,428,265,259,143"
"112,428,265,258,143"
"112,427,265,258,143"
"112,426,265,258,143"
"112,427,264,257,143"
"112,426,265,257,143"
"112,426,265,258,144"
"112,427,265,258,143"
"112,427,264,258,143"
"112,427,265,257,144"
"112,428,265,258,143"
"112,427,265,258,143"
"112,428,265,258,143"
"112,427,264,258,143"
"112,426,264,257,144"
"112,426,264,258,143"
"112,426,264,258,144"
"112,427,264,258,144"
"112,427,264,257,144"
"112,427,264,258,144"
"112,426,264,258,144"
"112,425,264,257,143"
"112,424,264,256,143"
"112,424,264,256,143"
"112,424,264,257,143"
"112,424,264,257,143"
"112,425,265,257,143"
"112,425,264,257,143"
"112,426,264,257,143"
"112,426,264,257,143"
"112,425,264,256,143"
"112,425,264,256,144"
"112,425,264,257,143"
"112,425,264,256,143"
"112,425,264,256,144"
"112,426,264,256,144"
"111,426,264,257,144"
"112,426,264,256,143"
"112,426,264,256,143"
"112,426,264,256,143"
"112,426,264,256,144"
"112,425,265,255,144"
"112,426,264,256,143"
"112,425,264,255,143"
"112,426,264,256,143"
"112,425,264,255,144"
"112,424,264,255,143"
"112,424,264,255,143"
"112,423,264,255,143"
"112,424,264,255,144"
"112,424,265,255,143"
"115,425,264,255,143"
"112,426,264,256,144"
"113,426,264,255,144"
"112,426,264,255,143"
"112,427,264,256,144"
"112,427,264,256,143"
"112,427,264,256,144"
"112,428,265,257,143"
"112,428,264,257,144"
"112,428,265,257,143"
"112,428,265,257,144"
"112,428,264,256,144"
"112,428,265,256,143"
"114,428,265,257,148"
"112,427,265,257,149"
"112,427,264,256,147"
"112,426,265,257,146"
"112,426,264,257,145"
"112,426,264,256,145"
"112,426,264,256,145"
"112,426,264,257,145"
"112,427,264,257,144"
"112,427,264,256,143"
"112,427,264,256,144"
"112,426,264,257,144"
"112,427,264,257,144"
"112,427,264,256,144"
"112,428,264,257,144"
"112,427,264,257,144"
"112,427,263,256,143"
"112,427,264,257,143"
"112,427,264,257,143"
"112,428,264,257,143"
"112,427,264,257,144"
"112,427,264,255,143"
"112,427,264,255,144"
"112,426,263,255,143"
"112,427,264,256,144"
"112,427,264,256,144"
"112,427,264,256,143"
"112,427,264,256,144"
"114,428,264,255,144"
"112,429,264,256,143"
"112,429,264,257,144"
"112,429,264,257,143"
"112,429,264,257,144"
"112,429,264,258,144"
"112,429,264,257,143"
"112,429,264,257,144"
"112,429,264,257,143"
"113,429,264,257,144"
"112,429,264,257,144"
"112,430,264,258,144"
"112,429,264,258,144"
"112,430,264,258,144"
"112,430,264,258,144"
"114,428,263,256,144"
"112,428,264,257,144"
"115,427,264,256,143"
"112,428,264,257,144"
"112,427,264,256,144"
"112,428,264,256,144"
"112,428,263,256,144"
"112,428,264,256,143"
"112,429,263,256,144"
"112,429,264,256,144"
"112,429,263,256,144"
"112,429,264,256,144"
"112,428,264,256,144"
"112,428,264,256,144"
"112,427,264,255,144"
"112,427,264,255,143"
"113,426,263,255,144"
"113,426,263,255,144"
"112,427,263,255,144"
"113,427,263,255,144"
"113,427,264,255,144"
"113,426,263,255,144"
"113,425,264,254,143"
"112,425,263,255,143"
"112,426,263,254,144"
"113,426,264,254,143"
"112,426,264,254,144"
"113,426,263,253,144"
"115,427,264,254,144"
"113,427,264,254,144"
"113,427,263,254,144"
"113,428,264,254,143"
"113,427,264,255,144"
"113,427,264,254,144"
"113,427,263,255,143"
"113,428,263,255,144"
"112,427,263,255,144"
"113,427,263,255,144"
"112,427,263,255,144"
"113,427,263,256,144"
"112,428,263,256,144"
"112,427,263,256,144"
"113,428,263,257,143"
"113,428,263,256,143"
"112,427,263,256,144"
"114,427,263,256,143"
"112,427,262,256,143"
"112,427,263,256,144"
"112,428,263,256,144"
"113,428,263,255,144"
"112,428,263,256,144"
"113,428,262,256,144"
"112,428,263,256,143"
"112,427,263,257,144"
"113,427,262,256,143"
"113,427,262,256,144"
"113,426,262,255,143"
"109,427,262,256,144"
"113,427,262,256,144"
"113,427,262,256,144"
"113,428,262,256,143"
"113,427,262,256,143"
"112,426,262,255,144"
"115,426,262,255,144"
"112,426,262,255,143"
"112,426,261,255,143"
"113,426,261,255,144"
"109,425,262,255,143"
"113,426,262,255,143"
"113,426,261,255,144"
"113,425,261,256,144"
"114,425,261,255,143"
"113,426,261,255,143"
"112,427,261,255,144"
"113,428,261,255,143"
"113,428,261,255,144"
"113,428,261,255,143"
"115,427,261,255,144"
"113,428,261,255,144"
"113,428,261,255,144"
"112,428,262,255,144"
"113,429,262,255,144"
"112,429,261,255,143"
"113,428,261,255,143"
"113,427,262,255,143"
"113,427,261,254,143"
"113,426,261,254,144"
"113,426,261,254,143"
"113,426,262,254,143"
"113,425,262,253,143"
"113,425,261,254,144"
"113,425,262,253,144"
"113,426,261,254,144"
"113,427,262,254,144"
"113,427,261,254,144"
"113,427,261,254,144"
"113,425,262,254,144"
"113,424,262,254,144"
"113,423,262,253,144"
"113,424,261,253,144"
"113,424,262,254,144"
"113,426,262,254,144"
"113,425,262,253,144"
"113,426,262,253,144"
"113,426,262,253,143"
"113,426,262,254,144"
"113,426,262,253,144"
"113,426,262,253,143"
"113,425,261,253,144"
"113,424,262,253,144"
"113,424,262,253,144"
"113,423,262,252,144"
"113,423,261,252,144"
"113,424,262,252,144"
"113,425,262,253,144"
"112,425,262,252,144"
"112,426,262,253,143"
"113,426,261,253,144"
"113,427,262,253,144"
"113,427,262,253,144"
"113,426,262,253,143"
"113,425,261,253,144"
"113,425,262,252,144"
"113,425,262,252,144"
"113,425,262,254,143"
"113,427,262,252,143"
"113,427,262,254,143"
"113,427,262,255,144"
"113,427,262,254,144"
"113,426,262,254,143"
"113,426,262,254,143"
"115,426,262,254,144"
"113,426,262,253,143"
"113,427,262,254,144"
"113,427,261,253,143"
"113,426,262,254,144"
"113,426,262,254,144"
"113,426,262,254,144"
"113,427,262,254,144"
"112,427,262,254,144"
"113,427,261,254,144"
"113,426,262,254,144"
"113,426,262,253,144"
"114,426,261,254,144"
"113,426,262,254,143"
"113,426,261,254,143"
"113,426,262,253,143"
"113,426,262,253,143"
"112,425,261,253,143"
"113,425,262,252,143"
"113,425,261,253,143"
"113,426,262,253,144"
"113,426,262,253,143"
"113,427,261,253,143"
"113,427,261,253,144"
"112,426,261,254,144"
"112,426,261,253,144"
"113,426,262,253,144"
"112,425,262,253,143"
"113,424,261,252,143"
"113,422,261,251,143"
"113,422,261,251,143"
"113,423,262,252,143"
"113,423,262,252,143"
"113,424,261,252,144"
"113,424,261,252,143"
"113,425,261,253,144"
"113,426,261,252,144"
"113,426,261,253,144"
"113,425,261,252,144"
"113,425,261,252,144"
"112,424,261,252,144"
"113,425,261,252,143"
"113,424,262,252,144"
"113,424,261,251,144"
"113,424,262,252,143"
"109,424,261,252,144"
"112,425,261,251,143"
"113,424,261,251,143"
"113,424,262,251,144"
"113,424,261,251,143"
"113,424,261,251,143"
"112,423,261,251,144"
"113,423,261,251,143"
"113,423,262,251,144"
"113,422,261,250,144"
"113,422,261,249,143"
"113,421,261,250,143"
"113,420,261,250,144"
"113,420,261,249,144"
"115,419,261,248,144"
"113,420,261,248,144"
"113,420,261,249,144"
"113,421,261,249,144"
"113,422,260,249,144"
"113,423,261,250,144"
"113,423,261,251,143"
"112,424,261,250,144"
"113,425,261,251,144"
"113,425,261,252,144"
"113,425,261,251,144"
"112,424,261,250,143"
"113,423,261,251,144"
"113,423,261,250,143"
"109,423,261,251,143"
"112,423,261,251,143"
"113,424,261,251,144"
"113,425,261,251,144"
"113,425,260,251,144"
"112,425,261,251,144"
"113,424,261,251,144"
"112,425,261,251,143"
"113,424,261,251,144"
"111,423,261,251,143"
"113,424,260,251,144"
"113,424,260,250,144"
"113,424,260,250,143"
"113,423,261,250,144"
"112,421,261,250,143"
"113,421,260,249,144"
"113,422,261,250,143"
"113,422,260,250,144"
"113,424,261,250,144"
"113,424,261,251,143"
"114,424,261,251,144"
"113,425,261,251,143"
"113,425,261,251,144"
"113,425,261,250,144"
"113,426,261,251,143"
"113,424,260,252,144"
"113,423,260,251,144"
"113,423,261,251,144"
"113,424,261,250,144"
"109,424,261,251,144"
"113,424,261,251,144"
"113,423,260,250,143"
"113,422,260,250,143"
"113,423,260,250,143"
"113,423,260,250,143"
"113,423,259,250,143"
"113,424,260,250,144"
"113,424,259,251,143"
"113,423,260,251,143"
"113,425,260,251,143"
"113,424,260,251,143"
"113,425,260,251,143"
"113,425,259,251,144"
"113,425,259,251,143"
"113,425,260,251,143"
"115,425,260,251,144"
"113,424,259,252,144"
"113,424,259,252,143"
"113,423,259,251,144"
"113,423,259,251,144"
"113,424,259,252,143"
"113,424,259,251,144"
"113,425,259,251,143"
"113,425,259,252,144"
"115,425,259,251,144"
"113,425,259,252,144"
"155,551,365,429,110"
"155,551,365,428,110"
"155,551,363,427,111"
"154,549,363,425,111"
"154,548,362,424,110"
"154,547,360,422,110"
"153,546,360,422,110"
"153,545,359,421,111"
"153,544,358,420,111"
"153,543,358,418,110"
"139,499,315,362,113"
"139,498,314,362,113"
"137,498,314,361,113"
"139,497,313,360,113"
"139,497,313,360,113"
"138,496,313,359,113"
"138,496,312,359,113"
"138,495,312,359,113"
"123,392,241,267,114"
"123,391,241,267,114"
"123,391,241,267,113"
"123,390,240,266,114"
"123,390,240,265,114"
"123,389,240,266,114"
"124,389,240,265,115"
"123,390,239,265,114"
"124,389,239,265,115"
"120,389,239,265,114"
"124,389,239,265,114"
"123,389,238,264,114"
"123,389,239,264,115"
"124,388,238,264,115"
"123,389,238,263,115"
"123,388,238,263,115"
"123,387,237,263,114"
"123,387,237,263,114"
"123,387,237,262,115"
"123,386,237,261,115"
"123,386,236,261,115"
"123,386,236,260,114"
"123,389,253,301,306"
"124,389,250,293,130"
"125,389,247,286,127"
"127,389,247,286,133"
"128,389,249,292,149"
"127,391,251,297,155"
"127,391,252,301,161"
"127,393,258,322,176"
"127,393,258,323,155"
"126,411,258,344,156"
"126,411,260,342,154"
"126,409,261,343,157"
"126,408,261,342,153"
"126,408,263,343,155"
"125,412,265,344,147"
"125,408,264,339,143"
"125,404,264,334,142"
"125,400,263,328,141"
"125,397,262,323,140"
"125,396,261,321,140"
"125,394,259,317,138"
"127,391,258,314,136"
"124,390,257,309,135"
"124,389,256,308,135"
"124,388,256,305,135"
"124,388,254,303,135"
"124,388,254,302,136"
"123,387,253,299,133"
"124,386,251,298,132"
"126,385,252,296,133"
"124,386,250,294,133"
"120,386,251,293,132"
"124,385,250,293,132"
"124,384,249,290,131"
"124,383,249,290,131"
"124,383,248,289,130"
"123,382,247,287,130"
"124,382,247,286,130"
"124,381,246,285,130"
"124,382,245,284,130"
"123,381,245,282,129"
"123,381,245,282,128"
"123,381,245,282,129"
"123,381,244,280,128"
"123,380,243,279,128"
"123,380,243,279,128"
"123,380,243,278,127"
"123,379,242,278,128"
"123,379,242,277,127"
"123,379,242,276,126"
"123,378,241,275,126"
"122,378,240,274,126"
"122,378,240,274,126"
"123,377,240,273,125"
"122,377,239,272,126"
"122,376,239,270,125"
"122,376,238,270,124"
"122,375,238,270,125"
"122,375,238,269,125"
"122,375,237,268,124"
"122,375,237,267,123"
"122,374,237,267,123"
"122,374,236,265,124"
"122,374,236,265,123"
"122,373,235,264,124"
"122,374,235,264,123"
"122,373,234,264,122"
"122,373,235,263,123"
"123,374,234,263,123"
"122,374,234,262,123"
"118,384,234,263,128"
"122,781,272,390,360"
"122,789,326,504,143"
"122,710,314,462,138"
"122,653,304,433,125"
"122,614,296,410,124"
"122,590,290,396,126"
"122,580,286,385,127"
"122,561,282,374,124"
"122,546,278,365,124"
"123,533,275,357,123"
"123,525,272,350,123"
"123,519,270,345,124"
"123,511,266,340,123"
"123,508,264,335,123"
"124,501,263,331,123"
"123,496,262,326,123"
"124,495,260,323,124"
"123,496,260,322,125"
"123,495,258,320,124"
"123,495,258,319,124"
"123,495,257,317,125"
"123,493,256,316,125"
"123,493,256,315,126"
"123,492,255,314,125"
"123,491,255,312,126"
"123,489,255,311,125"
"123,485,254,308,123"
"122,481,252,306,123"
"122,480,252,304,124"
"126,480,251,304,125"
"122,493,252,306,136"
"123,502,252,308,131"
"123,500,252,308,129"
"123,499,252,307,128"
"124,497,252,306,128"
"126,502,253,309,131"
"126,525,256,315,143"
"126,526,257,315,129"
"126,512,256,313,123"
"126,500,253,309,122"
"133,491,253,307,122"
"137,483,252,304,121"
"139,478,251,303,123"
"141,473,250,300,121"
"141,466,249,298,119"
"147,463,249,296,120"
"0,458,248,293,119"
"138,456,247,292,120"
"139,455,246,291,119"
"138,458,246,290,122"
"137,459,246,290,122"
"135,457,245,288,121"
"134,456,245,288,120"
"133,455,244,286,121"
"132,451,243,285,119"
"132,449,243,283,119"
"131,444,241,281,117"
"129,441,241,279,117"
"129,440,241,278,118"
"128,440,240,277,119"
"120,437,293,305,127"
"121,439,292,305,127"
"121,438,293,304,127"
"121,439,292,304,127"
"120,439,291,304,127"
"120,439,290,303,127"
"119,434,289,302,127"
"119,402,436,443,133"
"0,413,466,471,140"
"0,391,405,399,131"
"0,391,398,393,131"
"0,391,392,388,130"
"0,389,387,382,130"
"0,389,382,379,130"
"112,388,378,374,130"
"119,404,358,354,131"
"122,403,336,335,139"
"121,403,334,333,131"
"121,402,331,330,128"
"117,403,335,338,183"
"122,400,333,337,151"
"122,394,329,331,130"
"122,392,326,326,127"
"122,392,324,325,127"
"122,392,322,322,127"
"122,394,319,321,128"
"122,397,318,319,127"
"122,398,316,317,128"
"122,398,315,316,127"
"132,1023,1023,1023,1023"
"144,1023,1023,1023,1023"
"146,1023,1023,1023,1023"
"151,1023,1023,1023,1023"
"147,1023,1023,1023,1023"
"144,1023,1023,1023,1023"
"140,1023,1023,1023,1023"
"137,1023,1023,1023,1023"
"136,1023,1023,1023,1023"
"134,1023,1023,1023,1023"
"133,1023,1023,1023,1023"
"128,886,724,824,318"
"128,885,724,827,438"
"128,912,728,828,426"
"128,887,720,818,233"
"132,852,696,804,206"
"134,829,673,786,152"
"133,820,657,774,156"
"132,811,642,762,149"
"131,801,628,752,145"
"131,793,616,741,142"
"128,785,605,732,147"
"126,777,593,723,143"
"126,774,583,714,139"
"126,773,576,707,139"
"126,771,569,700,144"
"125,756,563,695,167"
"122,747,551,684,156"
"122,744,540,676,143"
"122,741,533,668,140"
"122,737,525,660,137"
"122,736,519,654,137"
"122,734,512,648,138"
"122,728,506,640,133"
"122,722,499,633,132"
"123,716,493,624,129"
"122,712,487,619,130"
"122,716,483,616,134"
"122,711,479,608,130"
"122,708,474,605,131"
"122,708,471,601,134"
"122,704,467,595,134"
"122,703,463,591,134"
"122,700,459,586,133"
"122,698,455,582,134"
"122,695,451,577,133"
"122,694,448,572,133"
"122,692,444,569,132"
"121,690,441,566,132"
"123,688,437,561,132"
"121,686,434,556,131"
"121,683,430,551,130"
"121,682,427,548,131"
"121,678,424,542,131"
"121,676,421,539,131"
"121,673,418,534,131"
"121,669,414,529,128"
"121,666,411,523,127"
"120,665,408,520,128"
"120,662,406,515,127"
"120,662,403,513,127"
"120,662,401,510,130"
"120,659,399,506,129"
"120,655,396,504,129"
"120,655,393,500,128"
"120,652,391,496,128"
"120,648,388,493,128"
"120,647,385,489,129"
"120,644,384,485,128"
"120,641,381,481,128"
"120,638,379,478,128"
"120,636,376,474,127"
"120,635,374,471,127"
"120,633,373,468,127"
"120,631,370,466,127"
"120,629,369,463,126"
"120,628,367,462,127"
"120,626,365,459,127"
"120,624,363,456,127"
"120,624,361,454,127"
"119,621,359,451,127"
"120,620,357,448,127"
"122,616,356,446,127"
"119,617,354,443,126"
"119,614,352,442,127"
"119,613,350,439,126"
"119,612,348,436,126"
"119,608,346,432,125"
"119,605,345,427,125"
"119,603,342,425,124"
"119,601,341,423,125"
"119,600,339,422,125"
"119,598,338,420,125"
"119,596,336,417,125"
"119,594,335,415,124"
"119,592,333,413,125"
"119,593,332,412,125"
"119,593,331,409,125"
"119,590,329,407,125"
"118,587,328,403,124"
"119,585,326,402,124"
"119,583,325,400,124"
"119,584,324,398,124"
"119,584,323,397,124"
"119,584,321,395,124"
"119,582,321,395,125"
"119,580,319,392,124"
"119,579,318,391,124"
"119,576,317,389,124"
"119,576,316,387,124"
"119,576,315,386,124"
"119,577,314,385,124"
"119,573,313,382,124"
"119,571,312,380,124"
"119,570,311,379,124"
"119,568,310,377,124"
"119,562,306,372,123"
"118,560,305,370,123"
"119,558,303,368,123"
"115,393,196,212,125"
"113,392,196,212,125"
"115,392,195,212,126"
"115,391,196,212,125"
"267,488,145,223,109"
"266,489,144,222,109"
"266,493,142,221,108"
"266,496,141,221,109"
"265,493,139,219,108"
"265,493,138,218,109"
"264,495,138,217,109"
"265,495,137,216,109"
"265,498,136,215,109"
"265,505,136,216,111"
"265,500,135,214,109"
"270,500,134,213,108"
"265,499,133,212,109"
"265,501,132,211,109"
"265,508,133,213,110"
"265,510,132,211,110"
"264,507,130,210,110"
"264,505,131,210,110"
"264,506,130,208,110"
"264,501,129,207,110"
"264,504,130,206,109"
"263,502,128,204,109"
"262,503,127,204,108"
"262,507,128,205,109"
"262,518,128,206,110"
"262,512,128,204,109"
"262,511,125,203,110"
"262,518,127,204,110"
"262,509,125,202,108"
"262,505,124,201,109"
"262,510,124,201,108"
"262,512,126,200,110"
"262,513,125,200,110"
"264,513,124,198,110"
"260,519,121,193,110"
"260,518,120,193,109"
"260,518,120,192,110"
"260,519,120,192,111"
"260,519,119,191,110"
"260,520,120,192,110"
"260,520,119,192,110"
"260,517,119,191,109"
"260,513,118,190,109"
"260,519,118,191,109"
"260,518,118,189,110"
"259,516,118,189,109"
"259,517,118,189,110"
"259,519,118,189,111"
"259,518,116,189,110"
"259,510,116,187,109"
"259,519,117,189,110"
"259,521,117,189,110"
"259,521,117,188,111"
"259,521,116,187,110"
"259,521,116,187,111"
"258,521,116,187,110"
"251,520,116,186,110"
"257,516,115,184,110"
"257,521,115,186,111"
"257,513,114,184,110"
"258,517,114,185,109"
"257,515,113,186,110"
"257,514,114,185,110"
"258,511,112,185,110"
"257,519,113,187,111"
"257,520,113,186,111"
"257,518,114,185,110"
"257,520,113,187,111"
"257,516,113,187,110"
"257,504,111,185,110"
"257,516,112,186,111"
"257,507,111,184,110"
"257,513,112,185,110"
"257,523,113,187,112"
"257,522,113,186,111"
"254,521,112,186,111"
"256,521,112,185,111"
"256,522,112,186,111"
"256,520,112,185,110"
"257,521,111,185,111"
"256,520,111,184,110"
"256,520,110,185,111"
"256,520,111,184,111"
"256,540,111,189,115"
"256,541,111,187,114"
"256,544,112,188,115"
"255,546,112,188,116"
"254,547,111,187,115"
"254,548,111,187,115"
"254,549,110,186,115"
"253,549,110,185,115"
"253,549,110,185,116"
"253,551,110,186,116"
"253,551,110,184,116"
"253,553,110,185,116"
"253,551,110,185,116"
"245,553,110,185,116"
"254,553,110,185,117"
"253,554,109,185,116"
"253,554,110,185,117"
"253,555,110,185,117"
"253,554,109,185,117"
"253,555,109,184,117"
"253,555,109,183,116"
"253,556,108,184,116"
"253,556,109,183,117"
"253,557,109,183,116"
"253,557,109,183,117"
"253,556,109,183,116"
"253,557,108,183,116"
"252,558,108,183,116"
"247,557,108,183,117"
"252,555,108,183,116"
"249,557,108,181,115"
"249,556,107,182,116"
"248,556,107,181,115"
"248,556,107,181,116"
"248,555,107,181,115"
"248,556,107,181,116"
"248,556,107,181,116"
"248,555,107,180,116"
"247,556,107,181,116"
"247,556,107,180,116"
"248,557,107,180,115"
"247,557,107,180,117"
"248,556,107,180,116"
"247,555,107,180,114"
"223,512,100,167,115"
"223,513,101,167,116"
"223,511,100,167,116"
"223,513,101,167,116"
"223,509,99,167,115"
"223,505,99,166,116"
"223,508,100,167,116"
"223,515,101,168,116"
"221,515,101,167,117"
"221,515,102,167,118"
"221,516,101,167,117"
"221,516,102,166,117"
"221,516,101,167,117"
"221,514,101,166,117"
"211,514,101,167,117"
"221,512,101,166,116"
"220,513,102,166,117"
"220,512,102,166,116"
"219,513,102,165,117"
"218,509,101,165,116"
"219,512,102,166,116"
"218,514,101,165,116"
"217,514,101,165,117"
"218,516,102,166,117"
"214,514,102,166,118"
"213,518,101,165,117"
"213,524,101,167,119"
"213,518,102,166,117"
"213,517,101,166,117"
"212,516,101,165,117"
"212,509,100,164,117"
"213,522,101,165,117"
"200,514,101,165,117"
"212,508,100,164,116"
"212,508,100,164,115"
"212,506,100,163,116"
"211,511,99,164,117"
"211,518,101,165,117"
"211,519,102,165,118"
"212,520,102,165,117"
"212,520,102,166,117"
"214,521,101,165,118"
"211,518,101,165,118"
"211,516,101,165,118"
"209,496,99,162,115"
"211,498,100,162,116"
"210,506,100,163,117"
"210,505,100,164,116"
"209,505,99,163,116"
"209,491,99,161,115"
"207,507,100,163,117"
"207,514,102,164,117"
"209,508,100,163,116"
"209,514,102,164,117"
"209,514,101,164,117"
"207,514,101,164,117"
"208,513,102,163,117"
"209,512,101,164,118"
"209,503,99,163,116"
"210,499,100,162,117"
"209,498,100,163,116"
"208,502,101,163,122"
"206,498,100,163,123"
"206,506,101,164,122"
"207,498,101,163,119"
"207,502,101,163,119"
"206,502,101,163,119"
"207,496,101,163,119"
"206,500,101,163,119"
"205,500,101,163,118"
"203,500,101,163,119"
"204,498,100,162,118"
"189,497,100,162,118"
"203,495,101,162,118"
"204,496,101,162,117"
"202,493,100,161,117"
"202,491,100,161,117"
"202,495,100,162,117"
"201,488,100,161,116"
"201,489,100,161,117"
"203,488,100,161,117"
"203,493,100,162,117"
"203,493,100,162,117"
"204,496,100,162,118"
"202,500,101,163,117"
"203,498,100,161,119"
"202,503,100,164,118"
"202,500,101,162,118"
"202,497,100,163,116"
"202,496,100,162,117"
"203,493,100,162,117"
"203,486,100,161,116"
"180,478,100,160,115"
"201,504,101,164,119"
"202,509,101,165,118"
"201,512,102,165,119"
"202,502,100,163,118"
"202,495,100,163,116"
"202,502,100,164,117"
"203,497,100,164,117"
"201,502,100,163,118"
"201,493,101,163,118"
"202,500,100,163,117"
"204,521,102,167,121"
"204,522,102,167,121"
"192,521,102,166,120"
"203,505,100,163,116"
"203,497,100,162,116"
"201,496,100,162,117"
"199,496,100,162,117"
"193,496,101,163,117"
"198,493,100,163,116"
"197,495,100,162,117"
"196,501,100,163,117"
"199,498,100,163,117"
"195,494,100,162,116"
"196,497,101,162,117"
"196,493,100,162,116"
"193,493,100,162,115"
"194,496,101,163,117"
"194,496,100,162,117"
"193,494,100,162,117"
"195,495,101,163,116"
"193,495,100,162,116"
"192,495,100,163,116"
"195,494,101,162,116"
"193,494,101,162,116"
"193,489,100,162,116"
"194,488,100,162,116"
"193,491,100,163,116"
"193,493,101,162,116"
"193,495,100,163,116"
"193,488,100,162,116"
"193,492,101,162,116"
"193,490,101,162,116"
"192,495,101,163,117"
"192,494,100,162,116"
"191,494,101,162,117"
"191,494,101,163,116"
"193,496,101,162,117"
"193,494,101,162,117"
"193,497,101,163,116"
"193,None,None,None,None"
"191,None,None,None,None"
"191,None,None,None,None"
"186,None,None,None,None"
"191,None,None,None,None"
"191,None,None,None,None"
"190,None,None,None,None"
"183,None,None,None,None"
"212,None,None,None,None"
"188,None,None,None,None"
"188,None,None,None,None"
"189,None,None,None,None"
"188,None,None,None,None"
"186,None,None,None,None"
"182,None,None,None,None"
"180,None,None,None,None"
"179,None,None,None,None"
"180,None,None,None,None"
"180,None,None,None,None"
"180,None,None,None,None"
"171,None,None,None,None"
"171,None,None,None,None"
"171,None,None,None,None"
"167,None,None,None,None"
"169,None,None,None,None"
"169,None,None,None,None"
"172,479,145,212,135"
"167,467,143,206,131"
"170,454,141,201,129"
"165,445,138,197,127"
"167,440,136,193,127"
"166,None,None,None,None"
"165,None,None,None,None"
"177,None,None,None,None"
"175,None,None,None,None"
"174,None,None,None,None"
"165,None,None,None,None"
"167,None,None,None,None"
"167,None,None,None,None"
"166,None,None,None,None"
"177,None,None,None,None"
"0,None,None,None,None"
"155,None,None,None,None"
"120,417,183,251,134"
"167,None,None,None,None"
"174,None,None,None,None"
"167,None,None,None,None"
"167,None,None,None,None"
"167,None,None,None,None"
"163,435,108,171,129"
"162,434,108,170,128"
"162,437,107,169,129"
"162,437,107,170,128"
"162,438,107,169,128"
"162,437,107,169,128"
"161,437,106,169,129"
"161,436,106,169,128"
"165,437,106,169,129"
"176,441,106,168,128"
"163,441,105,168,128"
"164,440,105,168,128"
"162,440,105,168,128"
"162,440,105,167,128"
"162,440,104,168,128"
"162,439,104,168,128"
"161,439,104,167,128"
"162,438,103,167,128"
"162,439,103,167,129"
"162,439,103,167,128"
"161,438,103,166,128"
"161,439,103,166,128"
"152,438,103,166,128"
"161,442,102,167,128"
"159,441,103,166,128"
"161,441,102,166,128"
"162,440,102,166,128"
"161,442,101,166,128"
"162,442,102,166,128"
"162,443,102,165,128"
"162,443,102,165,128"
"162,444,101,166,129"
"162,444,101,166,129"
"162,442,101,166,128"
"162,443,101,166,129"
"163,442,101,165,129"
"161,443,101,165,129"
"158,443,100,165,129"
"161,442,100,165,129"
"160,442,100,165,129"
"161,441,100,164,129"
"161,442,99,165,128"
"161,441,100,165,129"
"160,441,100,164,129"
"160,441,99,164,129"
"160,440,99,164,128"
"161,441,99,163,129"
"162,442,98,163,128"
"162,441,98,164,129"
"163,442,98,164,129"
"164,441,98,163,128"
"162,442,98,164,128"
"163,440,98,163,128"
"162,440,98,163,128"
"164,441,98,163,129"
"162,441,98,163,128"
"162,441,97,163,129"
"163,442,98,163,129"
"162,441,98,163,129"
"161,441,97,163,128"
"162,441,97,162,128"
"162,441,95,162,127"
"163,441,96,162,128"
"164,442,95,161,127"
"162,442,96,161,128"
"162,444,95,161,128"
"162,441,95,161,128"
"162,441,95,161,128"
"161,440,95,161,128"
"161,438,95,161,127"
"161,438,95,161,128"
"161,439,95,161,127"
"161,439,95,160,128"
"161,439,95,161,127"
"161,None,None,None,None"
"161,438,94,160,128"
"161,439,94,160,127"
"161,439,94,160,126"
"161,439,94,160,128"
"161,439,94,160,127"
"161,438,94,160,127"
"161,438,93,160,127"
"161,441,94,160,127"
"168,438,94,160,127"
"160,437,94,159,127"
"154,440,93,160,127"
"161,440,93,160,127"
"160,438,93,159,127"
"160,438,93,160,127"
"159,439,93,159,127"
"162,438,93,160,127"
"160,438,93,159,127"
"160,438,93,159,127"
"161,440,93,159,127"
"161,441,93,159,127"
"161,441,92,159,126"
"161,440,92,159,126"
"161,440,92,160,127"
"159,439,92,159,126"
"160,438,92,158,127"
"154,438,92,158,126"
"161,None,None,None,None"
"161,None,None,None,None"
"163,None,None,None,None"
"152,431,90,158,126"
"153,430,90,158,126"
"155,432,90,158,126"
"158,431,90,158,125"
"156,430,90,158,125"
"156,430,90,157,126"
"147,430,90,157,126"
"153,430,90,157,126"
"155,431,90,157,125"
"158,432,90,158,125"
"156,431,90,157,125"
"152,433,90,157,125"
"152,434,89,158,125"
"153,433,90,157,126"
"153,433,90,157,126"
"155,434,90,157,126"
"158,429,89,156,126"
"161,425,89,155,125"
"162,421,89,155,126"
"160,418,89,154,125"
"163,16805,89,154,125"
"164,425,89,154,125"
"163,426,89,154,125"
"161,428,89,154,125"
"161,430,89,154,125"
"161,427,89,154,125"
"160,428,89,154,125"
"159,428,88,154,124"
"159,427,89,154,127"
"161,425,89,153,125"
"162,427,88,154,125"
"161,427,88,154,124"
"164,426,88,154,125"
"0,420,88,153,125"
"124,419,88,153,124"
"0,417,88,152,123"
"112,419,88,152,121"
"0,420,88,152,124"
"108,423,88,151,124"
"0,428,88,152,124"
"107,425,87,152,123"
"0,421,87,151,121"
"107,420,87,150,121"
"106,421,87,150,121"
"0,420,86,150,120"
"0,419,86,150,119"
"0,419,89,153,143"
"0,404,90,157,140"
"0,413,89,153,122"
"0,426,88,153,120"
"0,433,87,153,119"
"0,439,88,153,121"
"0,419,91,158,147"
"0,416,89,154,124"
"0,423,88,154,120"
"103,426,87,153,120"
"99,415,90,154,137"
"99,415,89,152,122"
"102,425,88,151,121"
"104,434,87,151,121"
"99,431,90,153,140"
"102,426,88,151,122"
"104,431,87,150,120"
"103,433,87,150,120"
"0,437,87,150,119"
"0,441,87,149,119"
"107,441,86,151,119"
"108,441,86,150,119"
"0,445,86,151,119"
"0,448,86,151,119"
"0,452,86,152,120"
"0,457,86,152,119"
"0,462,86,153,119"
"0,461,86,153,118"
"110,465,87,154,118"
"109,466,87,155,118"
"0,467,86,154,119"
"0,467,86,155,119"
"0,466,86,155,119"
"0,465,86,156,119"
"0,463,86,155,118"
"0,466,86,156,118"
"111,469,85,157,118"
"0,471,86,158,119"
"0,473,85,158,120"
"0,463,86,157,120"
"0,458,86,157,124"
"0,455,86,156,123"
"0,453,86,156,123"
"128,453,86,156,123"
"124,450,86,156,124"
"125,453,85,157,123"
"131,452,86,157,124"
"161,425,83,159,124"
"161,425,83,159,124"
"161,425,83,159,124"
"161,426,83,159,125"
"160,426,83,159,125"
"161,426,83,159,125"
"0,None,None,None,None"
"126,None,None,None,None"
"128,None,None,None,None"
"125,463,128,203,132"
"122,None,None,None,None"
"121,448,124,197,130"
"122,None,None,None,None"
"121,None,None,None,None"
"121,None,None,None,None"
"122,None,None,None,None"
"122,None,None,None,None"
"122,436,116,187,129"
"120,436,115,186,129"
"116,436,114,186,129"
"124,None,None,None,None"
"118,None,None,None,None"
"123,None,None,None,None"
"122,None,None,None,None"
"123,None,None,None,None"
"122,437,110,184,128"
"122,436,109,182,128"
"123,436,108,181,128"
"123,436,108,181,128"
"123,435,107,181,129"
"123,435,107,180,128"
"123,439,106,180,128"
"124,441,106,180,128"
"123,440,106,180,127"
"119,441,106,180,128"
"124,443,105,180,128"
"119,443,105,180,127"
"123,444,104,180,128"
"122,445,104,180,128"
"124,445,104,180,127"
"123,443,103,180,128"
"124,443,103,181,127"
"123,443,102,181,128"
"123,443,102,180,127"
"122,444,101,180,127"
"122,445,101,180,128"
"123,446,101,180,128"
"123,445,101,181,128"
"122,446,101,180,128"
"122,446,101,181,128"
"122,445,100,181,128"
"121,445,100,181,128"
"121,447,99,181,127"
"120,445,100,181,126"
"120,446,99,182,128"
"119,443,99,182,127"
"119,444,98,182,128"
"120,445,99,181,127"
"122,444,98,181,127"
"119,443,97,182,127"
"119,447,97,182,127"
"120,448,98,182,127"
"114,449,97,182,127"
"119,449,97,182,127"
"119,450,98,182,127"
"119,449,97,183,127"
"119,450,96,183,127"
"118,449,97,183,127"
"118,450,97,183,127"
"119,453,106,201,178"
"135,None,None,None,None"
"135,455,108,204,133"
"138,451,107,201,138"
"139,449,109,201,145"
"139,447,111,206,152"
"143,448,113,209,153"
"144,447,115,213,156"
"144,448,117,215,154"
"0,447,118,217,156"
"0,447,120,220,161"
"0,446,122,222,162"
"128,447,123,223,160"
"119,None,None,None,None"
"132,450,127,231,164"
"138,None,None,None,None"
"136,454,129,233,165"
"122,None,None,None,None"
"137,None,None,None,None"
"122,558,172,303,235"
"113,None,None,None,None"
"111,595,183,348,173"
"115,558,176,328,174"
"122,None,None,None,None"
"112,None,None,None,None"
"110,None,None,None,None"
"123,None,None,None,None"
"116,512,168,290,168"
"113,505,165,283,168"
"112,496,161,276,161"
"116,486,157,268,160"
"116,481,155,263,163"
"116,481,156,262,168"
"118,484,156,260,163"
"112,478,153,256,159"
"128,474,149,251,157"
"120,471,146,248,157"
"113,None,None,None,None"
"112,None,None,None,None"
"111,None,None,None,None"
"111,None,None,None,None"
"110,None,None,None,None"
"110,None,None,None,None"
"110,None,None,None,None"
"110,None,None,None,None"
"110,None,None,None,None"
"111,None,None,None,None"
"111,None,None,None,None"
"110,None,None,None,None"
"109,None,None,None,None"
"109,None,None,None,None"
"109,None,None,None,None"
"109,None,None,None,None"
"109,None,None,None,None"
"109,None,None,None,None"
"109,None,None,None,None"
"108,None,None,None,None"
"108,None,None,None,None"
"108,None,None,None,None"
"108,None,None,None,None"
"108,None,None,None,None"
"108,None,None,None,None"
"108,None,None,None,None"
"108,None,None,None,None"
"108,None,None,None,None"
"110,None,None,None,None"
"113,None,None,None,None"
"111,None,None,None,None"
"111,None,None,None,None"
"112,None,None,None,None"
"112,None,None,None,None"
"112,None,None,None,None"
"112,None,None,None,None"
"112,None,None,None,None"
"112,None,None,None,None"
"113,None,None,None,None"
"112,None,None,None,None"
"111,None,None,None,None"
"111,None,None,None,None"
"111,None,None,None,None"
"112,None,None,None,None"
"111,None,None,None,None"
"111,None,None,None,None"
"111,None,None,None,None"
"111,None,None,None,None"
"111,None,None,None,None"
"111,453,106,199,137"
"121,452,105,198,136"
"114,452,105,198,138"
"137,452,105,197,137"
"128,451,104,196,136"
"109,451,104,197,137"
"108,451,104,196,137"
"0,None,None,None,None"
"0,None,None,None,None"
"0,None,None,None,None"
"0,None,None,None,None"
"0,None,None,None,None"
"0,None,None,None,None"
"0,None,None,None,None"
"0,None,None,None,None"
"0,None,None,None,None"
"0,None,None,None,None"
"0,None,None,None,None"
"0,None,None,None,None"
"0,None,None,None,None"
"0,None,None,None,None"
"0,None,None,None,None"
"0,None,None,None,None"
"0,None,None,None,None"
"0,None,None,None,None"
"0,None,None,None,None"
"0,None,None,None,None"
"0,None,None,None,None"
"0,None,None,None,None"
"0,None,None,None,None"
"0,None,None,None,None"
"0,None,None,None,None"
"0,None,None,None,None"
"0,None,None,None,None"
"0,None,None,None,None"
"0,None,None,None,None"
"0,None,None,None,None"
"126,443,96,189,133"
"130,None,None,None,None"
"118,444,95,189,133"
"118,445,95,188,133"
"112,444,95,188,133"
"113,443,94,188,133"
"124,444,94,188,133"
"124,443,94,188,132"
"121,443,94,187,132"
"113,444,94,187,132"
"110,443,93,187,132"
"109,443,93,187,132"
"108,442,93,186,132"
"108,444,93,187,132"
"116,442,93,186,131"
"116,443,93,187,131"
"114,443,92,186,131"
"108,443,92,186,131"
"108,442,92,186,131"
"108,441,92,185,132"
"108,442,92,186,131"
"107,443,91,186,131"
"114,None,None,None,None"
"108,None,None,None,None"
"124,441,91,185,130"
"119,442,91,185,130"
"115,442,91,185,131"
"111,None,None,None,None"
"112,None,None,None,None"
"113,None,None,None,None"
"114,None,None,None,None"
"115,None,None,None,None"
"114,None,None,None,None"
"122,None,None,None,None"
"116,None,None,None,None"
"118,None,None,None,None"
"119,None,None,None,None"
"124,None,None,None,None"
"110,None,None,None,None"
"111,None,None,None,None"
"120,None,None,None,None"
"112,None,None,None,None"
"109,None,None,None,None"
"107,None,None,None,None"
"107,None,None,None,None"
"106,None,None,None,None"
"106,None,None,None,None"
"106,None,None,None,None"
"106,442,88,183,130"
"106,443,88,183,129"
"106,441,88,183,130"
"106,440,87,183,129"
"135,440,88,183,129"
"137,440,87,183,128"
"142,440,87,183,129"
"137,440,87,183,130"
"137,439,87,183,129"
"138,440,87,182,129"
"139,440,86,182,129"
"140,440,87,182,129"
"141,440,87,182,130"
"141,440,87,182,129"
"141,439,86,182,130"
"141,437,86,182,129"
"141,438,86,182,129"
"140,438,86,182,129"
"141,437,86,181,128"
"141,437,86,182,129"
"141,436,86,181,129"
"141,437,86,181,129"
"140,437,86,181,129"
"141,437,86,181,129"
"139,436,86,181,129"
"141,436,85,180,129"
"141,436,86,181,129"
"141,435,85,181,129"
"141,436,85,181,128"
"141,436,85,181,128"
"142,436,85,181,129"
"142,436,85,180,128"
"142,436,85,180,128"
"142,435,85,181,128"
"142,436,84,181,128"
"143,436,84,180,128"
"142,436,84,180,128"
"143,435,85,180,128"
"142,436,84,181,128"
"141,437,84,180,128"
"142,437,84,180,128"
"142,437,84,180,128"
"143,439,84,181,128"
"144,438,84,181,128"
"143,437,84,180,128"
"144,437,84,181,128"
"144,436,83,180,128"
"144,437,84,180,127"
"143,438,84,180,128"
"143,438,84,181,128"
"149,440,83,181,127"
"144,438,83,180,128"
"144,437,84,180,127"
"143,435,83,180,127"
"144,435,84,180,127"
"142,434,83,180,127"
"144,434,83,180,127"
"142,434,83,180,128"
"142,435,83,180,127"
"142,435,83,180,128"
"142,435,83,180,127"
"135,435,83,180,127"
"141,435,83,180,127"
"142,434,83,181,127"
"142,435,82,180,128"
"142,437,82,180,127"
"142,437,83,181,128"
"143,437,82,181,127"
"142,438,83,181,128"
"144,440,82,181,127"
"143,439,82,181,127"
"142,437,82,180,128"
"142,437,82,180,128"
"142,436,82,180,127"
"140,436,83,181,127"
"141,437,82,181,128"
"141,438,82,181,128"
"141,438,82,181,127"
"141,438,82,181,127"
"141,438,82,181,127"
"141,438,82,181,128"
"140,437,82,180,128"
"141,439,82,180,127"
"141,439,82,181,127"
"141,440,82,181,128"
"141,443,82,181,127"
"139,442,82,181,128"
"139,442,82,181,127"
"139,442,82,181,127"
"139,444,81,181,128"
"139,445,82,181,129"
"139,444,81,180,128"
"140,444,82,181,129"
"139,443,82,181,129"
"139,442,82,181,129"
"139,442,81,181,128"
"142,442,82,181,129"
"139,442,81,180,129"
"139,441,82,181,128"
"139,441,82,181,129"
"139,444,82,181,129"
"139,444,82,181,129"
"139,443,82,181,129"
"138,442,81,180,129"
"139,443,81,180,129"
"139,445,82,181,128"
"139,446,82,181,128"
"138,445,81,181,128"
"139,445,81,181,129"
"140,447,82,181,128"
"140,447,82,181,128"
"139,449,81,182,129"
"140,449,82,181,129"
"140,450,81,182,128"
"140,449,82,182,129"
"140,448,82,182,128"
"140,446,81,182,129"
"140,446,81,181,129"
"141,445,81,182,129"
"140,445,81,182,129"
"139,443,81,182,129"
"139,443,82,182,128"
"139,442,81,182,128"
"139,442,82,183,128"
"139,442,81,182,129"
"139,441,81,183,129"
"139,443,81,183,129"
"139,440,81,183,128"
"138,440,81,183,128"
"137,439,81,183,128"
"139,442,81,184,129"
"139,440,81,184,128"
"112,442,81,183,128"
"115,441,81,183,128"
"114,441,81,183,128"
"113,440,81,183,128"
"112,437,81,182,128"
"114,437,81,183,128"
"112,439,81,183,127"
"110,440,81,182,127"
"110,441,80,183,127"
"108,444,80,183,128"
"107,440,80,183,126"
"106,436,79,182,126"
"105,433,80,182,127"
"105,433,80,182,126"
"103,431,79,182,124"
"105,438,79,182,123"
"106,442,79,182,125"
"106,445,79,184,126"
"107,447,79,184,125"
"107,450,79,185,126"
"108,447,79,186,127"
"107,449,79,186,126"
"112,453,80,187,126"
"108,454,79,187,126"
"108,457,79,188,126"
"108,461,80,190,126"
"108,463,80,190,126"
"108,462,79,190,126"
"108,461,79,191,127"
"108,463,80,192,127"
"108,464,80,191,126"
"109,468,80,193,126"
"110,470,80,194,126"
"109,469,80,194,126"
"109,469,80,195,126"
"109,467,80,195,126"
"109,465,80,195,127"
"109,468,80,196,126"
"109,468,80,195,126"
"109,465,79,196,126"
"132,460,80,196,127"
"120,456,79,194,126"
"124,457,79,195,127"
"112,460,80,195,127"
"139,465,80,196,127"
"148,474,80,197,127"
"147,473,79,198,127"
"144,None,None,None,None"
"4012,472,80,198,127"
"4012,483,83,198,128"
"0,481,81,198,126"
"0,480,81,198,126"
"158,480,80,198,126"
"159,481,80,198,128"
"160,482,81,199,128"
"160,482,80,199,127"
"158,481,80,199,127"
"161,485,81,199,126"
"161,484,80,199,126"
"162,483,81,200,125"
"162,484,80,200,127"
"162,484,80,199,126"
"162,486,80,200,126"
"162,486,80,200,126"
"161,486,81,201,124"
"162,489,80,202,124"
"162,490,80,201,125"
"161,491,80,202,125"
"161,490,80,202,124"
"161,488,80,201,124"
"161,487,80,202,124"
"161,489,79,202,123"
"161,489,79,201,124"
"161,487,79,202,124"
"161,487,79,202,124"
"160,490,79,202,123"
"160,491,80,203,124"
"160,489,79,202,125"
"152,489,79,202,125"
"159,489,80,201,126"
"159,491,80,202,126"
"159,491,80,202,128"
"159,489,80,201,127"
"159,491,80,202,128"
"159,493,80,201,127"
"158,491,80,201,128"
"158,491,80,201,129"
"158,490,80,201,128"
"158,489,80,200,128"
"158,492,80,200,127"
"158,493,80,201,128"
"156,494,81,201,129"
"156,494,81,201,128"
"163,497,81,202,128"
"159,495,81,202,128"
"144,493,80,201,127"
"151,495,81,200,127"
"150,496,80,201,127"
"152,498,81,201,126"
"150,499,81,202,128"
"149,499,81,202,127"
"149,503,81,202,128"
"148,505,81,201,127"
"148,504,81,202,126"
"148,503,81,203,126"
"148,502,81,202,126"
"148,500,81,203,126"
"148,498,81,202,126"
"148,499,80,202,126"
"147,500,81,202,125"
"147,499,81,202,124"
"147,500,80,203,124"
"145,502,81,203,125"
"147,501,80,203,124"
"147,499,80,201,125"
"147,499,80,202,125"
"147,None,None,None,None"
"145,499,80,202,125"
"137,514,83,206,128"
"139,508,81,204,125"
"136,506,81,204,125"
"136,506,81,204,124"
"135,508,80,203,125"
"135,508,80,204,125"
"135,507,81,204,124"
"135,508,81,204,125"
"135,510,80,204,124"
"135,511,80,204,125"
"134,514,82,205,125"
"135,514,82,206,125"
"134,512,82,206,125"
"135,511,81,205,124"
"135,513,82,206,125"
"134,515,82,206,124"
"135,514,82,207,125"
"135,515,82,206,125"
"134,515,83,206,124"
"135,516,82,207,124"
"134,517,82,207,124"
"134,517,82,207,125"
"135,514,83,208,132"
"134,510,82,209,130"
"135,509,81,209,126"
"135,510,82,208,124"
"135,512,83,208,124"
"135,515,82,208,125"
"135,516,83,208,124"
"135,515,82,208,124"
"134,516,83,209,124"
"135,516,83,209,124"
"135,516,82,209,124"
"135,514,83,210,132"
"131,512,84,210,132"
"134,513,84,210,128"
"135,515,83,209,128"
"135,515,83,209,125"
"135,515,83,209,124"
"134,514,83,209,125"
"135,513,83,209,125"
"135,514,83,209,125"
"135,515,83,209,125"
"135,516,83,208,125"
"134,516,83,208,124"
"135,518,82,209,125"
"135,518,82,209,124"
"134,516,83,209,124"
"135,515,83,209,124"
"134,514,82,208,125"
"134,513,82,208,124"
"134,513,83,209,132"
"134,513,82,209,125"
"134,514,82,208,124"
"134,515,82,207,124"
"134,512,82,208,124"
"136,512,81,208,124"
"135,511,81,207,124"
"134,512,81,207,125"
"134,512,81,208,124"
"134,512,82,207,124"
"134,512,82,207,124"
"134,513,81,207,124"
"135,512,81,207,124"
"134,512,81,208,123"
"134,514,81,207,124"
"134,514,81,207,123"
"135,513,81,207,124"
"134,512,81,207,124"
"133,511,80,207,123"
"134,511,80,208,124"
"134,509,80,206,124"
"134,511,79,207,123"
"134,510,79,207,123"
"134,511,79,206,124"
"134,512,81,207,124"
"134,512,81,206,123"
"134,512,80,207,124"
"134,511,80,206,124"
"134,512,81,207,123"
"135,512,81,206,123"
"134,513,81,207,124"
"134,513,80,207,123"
"134,512,81,207,124"
"134,512,81,205,124"
"134,512,81,206,123"
"134,514,81,206,125"
"134,516,80,207,124"
"134,517,80,207,124"
"135,518,81,208,126"
"144,880,178,521,361"
"142,742,140,412,155"
"207,692,129,426,155"
"188,652,119,371,133"
"194,649,116,344,141"
"181,634,112,323,131"
"176,610,108,302,129"
"168,601,105,287,128"
"165,596,102,278,128"
"162,584,100,269,126"
"161,578,99,261,128"
"159,571,97,255,127"
"157,565,96,249,128"
"154,562,95,245,128"
"154,558,94,241,128"
"152,556,93,238,127"
"149,553,92,235,129"
"151,550,92,232,128"
"150,548,91,230,127"
"149,546,90,228,129"
"148,544,89,226,128"
"148,542,89,225,129"
"147,540,89,223,128"
"147,539,89,222,128"
"146,539,88,221,129"
"146,539,88,220,129"
"145,538,88,220,128"
"144,536,87,218,128"
"144,538,87,218,128"
"143,538,87,218,128"
"143,538,87,217,128"
"142,537,86,216,126"
"142,534,86,216,124"
"142,532,86,215,124"
"141,532,86,214,122"
"141,531,85,214,123"
"141,531,85,213,123"
"140,531,84,212,124"
"140,531,84,212,123"
"140,533,84,213,124"
"140,535,84,212,123"
"140,536,84,212,123"
"139,536,84,212,123"
"139,534,84,212,123"
"139,533,84,212,123"
"139,531,84,212,123"
"138,531,84,211,123"
"139,529,84,211,122"
"139,526,83,210,123"
"138,526,83,209,122"
"137,525,83,209,123"
"138,524,83,208,123"
"137,522,82,208,123"
"137,522,82,208,123"
"137,522,82,208,123"
"137,522,82,207,123"
"137,520,82,207,123"
"137,520,82,207,122"
"137,None,None,None,None"
"130,555,83,212,124"
"126,554,84,212,124"
"140,548,84,211,124"
"140,None,None,None,None"
"141,None,None,None,None"
"144,None,None,None,None"
"142,None,None,None,None"
"142,None,None,None,None"
"3422,None,None,None,None"
"121,None,None,None,None"
"108,532,84,208,125"
"127,532,83,208,125"
"0,None,None,None,None"
"0,None,None,None,None"
"0,None,None,None,None"
"109,None,None,None,None"
"106,535,82,206,124"
"108,534,82,207,126"
"110,None,None,None,None"
"105,534,82,206,127"
"106,534,82,207,127"
"105,534,82,207,128"
"105,534,82,207,127"
"105,533,82,207,128"
"105,533,82,207,128"
"104,534,82,207,127"
"106,536,82,208,127"
"106,534,82,207,127"
"106,533,82,207,127"
"106,533,82,208,126"
"106,533,82,208,126"
"106,535,82,208,126"
"106,535,82,208,125"
"106,536,82,208,125"
"106,537,82,208,125"
"105,536,82,209,126"
"105,536,82,208,127"
"105,537,82,209,128"
"105,537,82,208,128"
"105,536,82,209,128"
"106,536,82,209,128"
"105,537,82,210,128"
"105,537,82,210,128"
"105,536,82,210,128"
"105,536,83,209,129"
"101,522,85,210,152"
"101,511,82,205,134"
"101,511,82,203,130"
"101,513,82,203,129"
"102,515,82,203,130"
"102,516,83,202,130"
"102,518,82,202,129"
"103,519,82,203,130"
"103,521,82,202,130"
"103,521,81,203,130"
"103,522,82,203,129"
"103,523,82,203,130"
"103,524,82,203,130"
"103,525,82,204,130"
"103,526,82,204,130"
"103,528,83,204,130"
"103,528,82,205,129"
"104,529,82,205,130"
"104,530,82,208,132"
"108,839,84,588,257"
"222,782,87,594,214"
"214,702,86,533,240"
"167,756,106,555,713"
"156,817,178,749,703"
"150,779,220,671,546"
"144,705,183,599,421"
"140,661,160,535,200"
"142,634,144,483,132"
"137,613,132,443,129"
"134,598,125,411,121"
"132,589,118,383,121"
"130,580,114,361,121"
"127,572,110,341,119"
"126,567,107,325,119"
"125,564,104,313,119"
"124,562,103,302,119"
"122,559,101,292,118"
"121,558,100,284,119"
"120,556,98,276,119"
"120,554,97,270,120"
"119,555,96,264,123"
"119,726,118,293,179"
"118,717,123,344,166"
"118,646,115,312,126"
"116,633,123,318,368"
"116,659,124,354,135"
"116,614,117,323,125"
"115,592,112,302,123"
"114,580,108,287,122"
"114,995,843,929,779"
"114,995,872,940,711"
"118,949,745,873,348"
"122,968,784,907,596"
"120,916,654,832,263"
"119,894,575,783,230"
"117,879,519,744,208"
"117,865,474,708,198"
"115,850,435,678,182"
"113,836,401,647,172"
"113,825,372,619,164"
"112,816,347,598,161"
"112,806,327,576,155"
"112,795,307,556,152"
"111,789,291,539,151"
"111,783,276,521,147"
"110,777,264,506,146"
"110,772,253,494,146"
"110,765,243,480,141"
"109,765,235,470,142"
"109,755,226,458,140"
"109,751,218,446,141"
"109,747,212,439,143"
"108,745,206,431,140"
"109,740,201,423,138"
"108,734,195,413,137"
"108,730,189,406,136"
"108,725,184,398,134"
"107,722,180,392,133"
"107,718,175,385,132"
"107,713,171,378,132"
"107,710,166,371,132"
"107,705,163,364,131"
"107,701,159,358,129"
"106,700,156,353,131"
"106,697,153,349,130"
"106,694,151,343,129"
"107,691,148,339,129"
"106,690,145,335,128"
"106,687,143,331,129"
"106,684,141,328,129"
"106,680,138,323,128"
"106,679,136,319,128"
"106,676,134,316,128"
"105,674,132,312,128"
"105,672,130,309,127"
"105,668,129,306,128"
"105,667,127,303,128"
"105,665,126,299,128"
"105,664,125,297,128"
"104,663,123,295,128"
"104,663,122,292,127"
"104,662,121,292,128"
"104,657,119,290,127"
"103,656,118,288,126"
"103,655,117,286,126"
"103,654,116,283,124"
"103,649,115,281,123"
"103,655,114,281,124"
"103,657,113,280,123"
"103,654,113,278,123"
"103,651,111,275,123"
"103,653,111,275,124"
"103,649,110,273,123"
"103,646,109,272,123"
"103,648,108,271,123"
"103,648,108,270,123"
"102,647,108,270,123"
"103,646,107,268,125"
"103,641,107,265,124"
"103,641,106,265,124"
"103,642,106,264,125"
"102,638,104,263,123"
"103,638,104,261,124"
"102,636,103,260,124"
"102,639,103,260,124"
"102,637,102,259,123"
"102,638,102,258,125"
"102,635,102,258,125"
"102,635,101,257,125"
"103,634,101,256,125"
"102,631,100,254,125"
"101,630,99,253,125"
"101,626,99,251,125"
"101,625,99,250,125"
"101,640,521,435,568"
"101,643,347,607,217"
"101,643,292,483,183"
"102,640,352,414,231"
"101,637,272,364,153"
"102,663,749,780,666"
"102,654,659,623,495"
"102,640,462,504,203"
"101,630,352,430,179"
"101,629,297,390,166"
"101,630,473,566,814"
"102,727,841,844,819"
"103,774,904,907,856"
"104,713,716,775,375"
"114,734,891,879,856"
"117,707,693,760,353"
"117,662,521,653,258"
"116,643,425,584,225"
"115,637,373,542,221"
"114,632,329,497,192"
"113,624,291,462,187"
"112,630,444,534,683"
"112,669,578,644,348"
"113,646,410,531,222"
"112,671,619,592,319"
"112,645,419,480,197"
"112,628,331,429,181"
"111,617,280,397,169"
"111,615,252,381,165"
"111,615,233,371,166"
"110,614,218,362,176"
"109,612,202,345,151"
"109,607,190,332,148"
"109,608,182,323,149"
"109,605,172,310,142"
"108,604,164,308,142"
"108,605,160,304,145"
"108,601,154,293,134"
"107,603,152,290,148"
"107,608,150,284,140"
"107,603,144,276,134"
"107,602,141,273,136"
"107,601,138,268,137"
"107,599,134,263,130"
"106,597,130,259,128"
"106,595,128,256,134"
"106,597,126,254,130"
"107,596,123,251,132"
"105,596,121,249,129"
"105,595,119,246,126"
"105,592,117,245,129"
"105,594,120,247,133"
"105,596,118,244,133"
"105,595,116,244,133"
"104,596,114,241,128"
"104,594,116,243,148"
"104,593,115,243,132"
"104,592,117,247,140"
"104,589,112,239,127"
"104,589,110,236,126"
"104,589,106,233,125"
"104,590,106,233,129"
"104,593,105,231,128"
"104,595,105,231,129"
"104,594,110,236,139"
"104,594,107,234,138"
"104,593,107,235,143"
"103,599,112,239,149"
"105,613,877,775,955"
"120,792,900,898,830"
"148,827,946,888,894"
"158,826,919,914,841"
"157,787,799,823,533"
"150,745,702,755,418"
"145,756,842,877,886"
"142,741,730,812,448"
"140,701,642,728,396"
"137,682,645,706,479"
"135,663,579,654,373"
"133,652,566,636,354"
"132,650,610,635,430"
"124,631,500,576,236"
"124,613,457,550,308"
"116,609,469,539,292"
"117,625,697,648,708"
"118,624,565,570,266"
"119,600,432,501,253"
"121,599,452,498,324"
"122,596,427,476,228"
"123,592,397,446,269"
"123,592,384,444,220"
"124,595,422,494,361"
"123,595,381,457,252"
"123,588,331,416,226"
"123,580,298,388,184"
"122,579,295,384,184"
"122,584,317,394,240"
"122,588,339,406,250"
"122,579,290,369,206"
"121,578,286,366,197"
"120,577,274,360,231"
"120,574,251,342,187"
"120,574,262,349,214"
"119,576,272,372,266"
"119,579,279,387,316"
"118,579,259,362,216"
"118,578,242,338,204"
"118,583,257,345,221"
"117,587,284,357,235"
"117,589,285,357,242"
"116,586,282,350,245"
"116,574,234,315,147"
"116,576,268,344,223"
"116,577,289,346,272"
"116,588,376,418,358"
"116,588,362,407,264"
"116,582,299,362,222"
"116,588,410,431,406"
"117,590,397,431,310"
"118,593,402,433,256"
"118,587,330,388,238"
"118,583,297,359,216"
"118,577,264,334,218"
"119,574,251,330,216"
"117,571,240,309,166"
"118,570,236,307,209"
"116,567,212,295,157"
"116,566,212,283,157"
"115,569,230,296,203"
"115,568,227,286,234"
"115,571,227,295,209"
"114,568,206,283,189"
"114,568,204,285,197"
"114,567,196,280,185"
"113,568,200,278,181"
"113,567,187,283,150"
"111,566,186,277,200"
"112,564,183,266,165"
"112,563,180,257,205"
"113,633,724,725,865"
"123,753,828,817,850"
"133,790,890,823,899"
"137,772,771,800,600"
"137,760,813,845,878"
"135,844,940,939,928"
"132,808,905,921,856"
"131,724,714,827,353"
"128,676,541,761,270"
"128,648,450,680,222"
"128,635,385,627,205"
"125,626,351,586,193"
"124,620,327,549,187"
"124,613,303,520,189"
"122,610,289,495,194"
"122,609,290,495,230"
"121,608,298,476,203"
"120,604,274,451,194"
"120,600,265,434,188"
"120,595,240,417,185"
"120,596,243,411,194"
"119,598,242,398,185"
"118,597,243,390,192"
"118,598,267,398,192"
"118,593,237,389,205"
"118,593,218,393,195"
"116,593,224,394,225"
"116,595,238,386,239"
"116,601,246,368,191"
"115,593,212,342,162"
"115,588,202,336,172"
"114,588,201,348,200"
"114,586,192,326,162"
"114,586,187,317,164"
"113,583,180,312,164"
"113,581,174,303,160"
"111,582,176,312,196"
"112,585,184,335,200"
"112,585,186,331,211"
"112,588,192,325,198"
"112,587,187,320,181"
"112,584,183,309,186"
"111,587,201,321,223"
"111,591,222,324,225"
"111,588,201,304,181"
"111,585,187,292,170"
"111,581,172,283,153"
"111,580,175,287,174"
"110,581,173,282,172"
"111,582,169,294,153"
"110,576,149,268,132"
"109,574,144,263,137"
"109,573,136,255,129"
"109,570,130,248,129"
"109,570,130,247,142"
"109,569,127,245,133"
"109,569,125,242,133"
"108,569,120,240,120"
"107,573,129,247,152"
"107,569,124,238,138"
"107,565,117,233,112"
"106,561,112,228,117"
"106,557,108,224,110"
"106,550,103,216,105"
"106,546,98,212,104"
"120,547,98,211,111"
"121,552,99,217,115"
"122,551,98,215,112"
"123,548,95,211,107"
"125,546,94,208,106"
